{
    "title": "Study Hours vs Test Scores",
    "description": "Random dataset showing relationship between study time and exam performance",
    "data_points": [
        {
            "student_id": 1,
            "study_hours": 4.9,
            "test_score": 76.3
        },
        {
            "student_id": 2,
            "study_hours": 5.7,
            "test_score": 74.8
        },
        {
            "student_id": 3,
            "study_hours": 9.7,
            "test_score": 96.6
        },
        {
            "student_id": 4,
            "study_hours": 3.3,
            "test_score": 39.3
        },
        {
            "student_id": 5,
            "study_hours": 5.1,
            "test_score": 72.2
        },
        {
            "student_id": 6,
            "study_hours": 3.7,
            "test_score": 58.4
        },
        {
            "student_id": 7,
            "study_hours": 0.1,
            "test_score": 28.0
        },
        {
            "student_id": 8,
            "study_hours": 9.7,
            "test_score": 100
        },
        {
            "student_id": 9,
            "study_hours": 7.0,
            "test_score": 77.3
        },
        {
            "student_id": 10,
            "study_hours": 9.7,
            "test_score": 100
        },
        {
            "student_id": 11,
            "study_hours": 1.3,
            "test_score": 51.7
        },
        {
            "student_id": 12,
            "study_hours": 0.3,
            "test_score": 24.6
        },
        {
            "student_id": 13,
            "study_hours": 7.0,
            "test_score": 83.5
        },
        {
            "student_id": 14,
            "study_hours": 6.4,
            "test_score": 61.7
        },
        {
            "student_id": 15,
            "study_hours": 7.5,
            "test_score": 83.0
        },
        {
            "student_id": 16,
            "study_hours": 8.2,
            "test_score": 93.1
        },
        {
            "student_id": 17,
            "study_hours": 3.3,
            "test_score": 52.4
        },
        {
            "student_id": 18,
            "study_hours": 0.8,
            "test_score": 43.7
        },
        {
            "student_id": 19,
            "study_hours": 3.9,
            "test_score": 55.7
        },
        {
            "student_id": 20,
            "study_hours": 9.5,
            "test_score": 100
        },
        {
            "student_id": 21,
            "study_hours": 4.2,
            "test_score": 54.8
        },
        {
            "student_id": 22,
            "study_hours": 1.7,
            "test_score": 48.4
        },
        {
            "student_id": 23,
            "study_hours": 1.2,
            "test_score": 25.9
        },
        {
            "student_id": 24,
            "study_hours": 9.7,
            "test_score": 99.0
        },
        {
            "student_id": 25,
            "study_hours": 7.0,
            "test_score": 66.3
        },
        {
            "student_id": 26,
            "study_hours": 9.0,
            "test_score": 83.6
        },
        {
            "student_id": 27,
            "study_hours": 3.2,
            "test_score": 61.8
        },
        {
            "student_id": 28,
            "study_hours": 7.8,
            "test_score": 70.9
        },
        {
            "student_id": 29,
            "study_hours": 4.6,
            "test_score": 63.0
        },
        {
            "student_id": 30,
            "study_hours": 3.5,
            "test_score": 61.4
        },
        {
            "student_id": 31,
            "study_hours": 8.5,
            "test_score": 98.8
        },
        {
            "student_id": 32,
            "study_hours": 2.1,
            "test_score": 41.4
        },
        {
            "student_id": 33,
            "study_hours": 6.5,
            "test_score": 68.5
        },
        {
            "student_id": 34,
            "study_hours": 5.7,
            "test_score": 77.0
        },
        {
            "student_id": 35,
            "study_hours": 9.5,
            "test_score": 99.3
        },
        {
            "student_id": 36,
            "study_hours": 0.2,
            "test_score": 36.3
        },
        {
            "student_id": 37,
            "study_hours": 1.0,
            "test_score": 46.2
        },
        {
            "student_id": 38,
            "study_hours": 4.1,
            "test_score": 73.6
        },
        {
            "student_id": 39,
            "study_hours": 3.7,
            "test_score": 53.9
        },
        {
            "student_id": 40,
            "study_hours": 8.7,
            "test_score": 100
        },
        {
            "student_id": 41,
            "study_hours": 0.6,
            "test_score": 32.2
        },
        {
            "student_id": 42,
            "study_hours": 6.7,
            "test_score": 83.7
        },
        {
            "student_id": 43,
            "study_hours": 5.7,
            "test_score": 80.1
        },
        {
            "student_id": 44,
            "study_hours": 3.7,
            "test_score": 65.8
        },
        {
            "student_id": 45,
            "study_hours": 9.8,
            "test_score": 96.1
        },
        {
            "student_id": 46,
            "study_hours": 3.0,
            "test_score": 64.2
        },
        {
            "student_id": 47,
            "study_hours": 9.2,
            "test_score": 91.7
        },
        {
            "student_id": 48,
            "study_hours": 9.6,
            "test_score": 100
        },
        {
            "student_id": 49,
            "study_hours": 6.0,
            "test_score": 68.6
        },
        {
            "student_id": 50,
            "study_hours": 2.0,
            "test_score": 43.0
        }
    ]
}